Amp_1	ftp.sra.ebi.ac.uk/vol1/fastq/ERR713/005/ERR7132845/ERR7132845_1.fastq.gz;ftp.sra.ebi.ac.uk/vol1/fastq/ERR713/005/ERR7132845/ERR7132845_2.fastq.gz	40d73fecc38d34726e0c1effc735cdd3;382d46e07d42495d809e22fa542fed26
Amp_2	ftp.sra.ebi.ac.uk/vol1/fastq/ERR713/006/ERR7132846/ERR7132846_1.fastq.gz;ftp.sra.ebi.ac.uk/vol1/fastq/ERR713/006/ERR7132846/ERR7132846_2.fastq.gz	5fc892a39d9dfff3c57f5b039b743ee4;e5626bbb0f8ba0b2054091509146aae0
Amp_3	ftp.sra.ebi.ac.uk/vol1/fastq/ERR713/007/ERR7132847/ERR7132847_1.fastq.gz;ftp.sra.ebi.ac.uk/vol1/fastq/ERR713/007/ERR7132847/ERR7132847_2.fastq.gz	45149de48d396d6b4c799af688e1c849;be44cc2f3ad29b1bc8cefd9851255651
Amp_4	ftp.sra.ebi.ac.uk/vol1/fastq/ERR713/008/ERR7132848/ERR7132848_1.fastq.gz;ftp.sra.ebi.ac.uk/vol1/fastq/ERR713/008/ERR7132848/ERR7132848_2.fastq.gz	0c7a8a23c4fb49972cb36eb6c6175f31;b03cb48ae2cbb7005dc37d16e149baff
Amp_5	ftp.sra.ebi.ac.uk/vol1/fastq/ERR713/009/ERR7132849/ERR7132849_1.fastq.gz;ftp.sra.ebi.ac.uk/vol1/fastq/ERR713/009/ERR7132849/ERR7132849_2.fastq.gz	cbf2000a45a6e61be233024324fa3130;4ee5dc5a53f5292f346bb66041332bdc
Amp_6	ftp.sra.ebi.ac.uk/vol1/fastq/ERR713/000/ERR7132850/ERR7132850_1.fastq.gz;ftp.sra.ebi.ac.uk/vol1/fastq/ERR713/000/ERR7132850/ERR7132850_2.fastq.gz	ee87cf83ab8b66d03856994fccdf081f;552410d707e3b502f98cc072b6c00906
Cnt_1	ftp.sra.ebi.ac.uk/vol1/fastq/ERR713/001/ERR7132851/ERR7132851_1.fastq.gz;ftp.sra.ebi.ac.uk/vol1/fastq/ERR713/001/ERR7132851/ERR7132851_2.fastq.gz	9f5cb4b1edb722d4e839cf85243391c6;ff62fa7ebfad64c80beb5f489ec9ccc7
Cnt_2	ftp.sra.ebi.ac.uk/vol1/fastq/ERR713/002/ERR7132852/ERR7132852_1.fastq.gz;ftp.sra.ebi.ac.uk/vol1/fastq/ERR713/002/ERR7132852/ERR7132852_2.fastq.gz	ead529f3bff780d88340e8f43274f990;c7d87a613bcc17a0bb9a7808fc624879
Cnt_3	ftp.sra.ebi.ac.uk/vol1/fastq/ERR713/003/ERR7132853/ERR7132853_1.fastq.gz;ftp.sra.ebi.ac.uk/vol1/fastq/ERR713/003/ERR7132853/ERR7132853_2.fastq.gz	7cb8399b16412be7c381d31eb41d3cbc;3413bdf2d9ba03bee4ee72bff1c516d1
Cnt_4	ftp.sra.ebi.ac.uk/vol1/fastq/ERR713/004/ERR7132854/ERR7132854_1.fastq.gz;ftp.sra.ebi.ac.uk/vol1/fastq/ERR713/004/ERR7132854/ERR7132854_2.fastq.gz	1dd97778747c43394f4c122d81055b81;4616e80c40acf5675d0b820235f618de
Cnt_6	ftp.sra.ebi.ac.uk/vol1/fastq/ERR713/006/ERR7132856/ERR7132856_1.fastq.gz;ftp.sra.ebi.ac.uk/vol1/fastq/ERR713/006/ERR7132856/ERR7132856_2.fastq.gz	1089899563e41336bb21662fc85f5bf8;8dc7139ad904f459a81670673eb110e3
Nic_1	ftp.sra.ebi.ac.uk/vol1/fastq/ERR713/007/ERR7132857/ERR7132857_1.fastq.gz;ftp.sra.ebi.ac.uk/vol1/fastq/ERR713/007/ERR7132857/ERR7132857_2.fastq.gz	173b58cea4fd4d18e0494fc156cd1b60;3dff4021558d46b93819512cf1acbfec
Nic_3	ftp.sra.ebi.ac.uk/vol1/fastq/ERR713/009/ERR7132859/ERR7132859_1.fastq.gz;ftp.sra.ebi.ac.uk/vol1/fastq/ERR713/009/ERR7132859/ERR7132859_2.fastq.gz	352dda6d98cc8476c614012c345bec95;818347a93a8f6ba16e97958cb8711b93
Nic_4	ftp.sra.ebi.ac.uk/vol1/fastq/ERR713/000/ERR7132860/ERR7132860_1.fastq.gz;ftp.sra.ebi.ac.uk/vol1/fastq/ERR713/000/ERR7132860/ERR7132860_2.fastq.gz	a343cc19c3dbb15d7f588f67a8890638;9b30e0f08eef0f2e6d1473fdd51b7fcf
Nic_5	ftp.sra.ebi.ac.uk/vol1/fastq/ERR713/001/ERR7132861/ERR7132861_1.fastq.gz;ftp.sra.ebi.ac.uk/vol1/fastq/ERR713/001/ERR7132861/ERR7132861_2.fastq.gz	6d30150b6ad209530438f1ef1d9247ed;255189336de039fa47c87009375b1026
Nic_6	ftp.sra.ebi.ac.uk/vol1/fastq/ERR713/002/ERR7132862/ERR7132862_1.fastq.gz;ftp.sra.ebi.ac.uk/vol1/fastq/ERR713/002/ERR7132862/ERR7132862_2.fastq.gz	58396dbb0ad97e8ba79e53aedc5ac7ad;afd470e0e3205fa0ccf9cfa7818273bb
Oxy_1	ftp.sra.ebi.ac.uk/vol1/fastq/ERR713/003/ERR7132863/ERR7132863_1.fastq.gz;ftp.sra.ebi.ac.uk/vol1/fastq/ERR713/003/ERR7132863/ERR7132863_2.fastq.gz	b4d698dd41f85f5959971d9b8cbf5ed2;1cfee8bcbd4574b586e797c90b6dbee8
Oxy_2	ftp.sra.ebi.ac.uk/vol1/fastq/ERR713/004/ERR7132864/ERR7132864_1.fastq.gz;ftp.sra.ebi.ac.uk/vol1/fastq/ERR713/004/ERR7132864/ERR7132864_2.fastq.gz	4c9a00300a47d9f3db1ece2d3bdefe1a;c812c97402d8dc28d0dbbfdfe9ee96d2
Oxy_3	ftp.sra.ebi.ac.uk/vol1/fastq/ERR713/005/ERR7132865/ERR7132865_1.fastq.gz;ftp.sra.ebi.ac.uk/vol1/fastq/ERR713/005/ERR7132865/ERR7132865_2.fastq.gz	4a8d3b272e5354cec64deb3c88de82e7;37f7c097b98d9cb97cbd77fd9182b5d9
Oxy_4	ftp.sra.ebi.ac.uk/vol1/fastq/ERR713/006/ERR7132866/ERR7132866_1.fastq.gz;ftp.sra.ebi.ac.uk/vol1/fastq/ERR713/006/ERR7132866/ERR7132866_2.fastq.gz	e1db5f326b9dce6f17a5f5a37b8fce84;6a89d542922b9a7a592cfecaf9dccc40
Oxy_5	ftp.sra.ebi.ac.uk/vol1/fastq/ERR713/007/ERR7132867/ERR7132867_1.fastq.gz;ftp.sra.ebi.ac.uk/vol1/fastq/ERR713/007/ERR7132867/ERR7132867_2.fastq.gz	7347ff1e43be0c951bd4086eebd68375;20637d11fc0bf0554210e972183212b1
Oxy_6	ftp.sra.ebi.ac.uk/vol1/fastq/ERR713/008/ERR7132868/ERR7132868_1.fastq.gz;ftp.sra.ebi.ac.uk/vol1/fastq/ERR713/008/ERR7132868/ERR7132868_2.fastq.gz	15054f3c1b0defd946e561401ac50d8a;f55173a67dfe18cfff2d9f0cbb851871
