Amp_1	fastq/Amp_1.1.fq.gz	fastq/Amp_1.2.fq.gz
Amp_2	fastq/Amp_2.1.fq.gz	fastq/Amp_2.2.fq.gz
Amp_3	fastq/Amp_3.1.fq.gz	fastq/Amp_3.2.fq.gz
Amp_4	fastq/Amp_4.1.fq.gz	fastq/Amp_4.2.fq.gz
Amp_5	fastq/Amp_5.1.fq.gz	fastq/Amp_5.2.fq.gz
Amp_6	fastq/Amp_6.1.fq.gz	fastq/Amp_6.2.fq.gz
Cnt_1	fastq/Cnt_1.1.fq.gz	fastq/Cnt_1.2.fq.gz
Cnt_2	fastq/Cnt_2.1.fq.gz	fastq/Cnt_2.2.fq.gz
Cnt_3	fastq/Cnt_3.1.fq.gz	fastq/Cnt_3.2.fq.gz
Cnt_4	fastq/Cnt_4.1.fq.gz	fastq/Cnt_4.2.fq.gz
Cnt_6	fastq/Cnt_6.1.fq.gz	fastq/Cnt_6.2.fq.gz
Nic_1	fastq/Nic_1.1.fq.gz	fastq/Nic_1.2.fq.gz
Nic_3	fastq/Nic_3.1.fq.gz	fastq/Nic_3.2.fq.gz
Nic_4	fastq/Nic_4.1.fq.gz	fastq/Nic_4.2.fq.gz
Nic_5	fastq/Nic_5.1.fq.gz	fastq/Nic_5.2.fq.gz
Nic_6	fastq/Nic_6.1.fq.gz	fastq/Nic_6.2.fq.gz
Oxy_1	fastq/Oxy_1.1.fq.gz	fastq/Oxy_1.2.fq.gz
Oxy_2	fastq/Oxy_2.1.fq.gz	fastq/Oxy_2.2.fq.gz
Oxy_3	fastq/Oxy_3.1.fq.gz	fastq/Oxy_3.2.fq.gz
Oxy_4	fastq/Oxy_4.1.fq.gz	fastq/Oxy_4.2.fq.gz
Oxy_5	fastq/Oxy_5.1.fq.gz	fastq/Oxy_5.2.fq.gz
Oxy_6	fastq/Oxy_6.1.fq.gz	fastq/Oxy_6.2.fq.gz
